id,nome
1,E-Series
2,Thunderbird
3,Malibu
4,Sierra 3500
5,Camry
6,Continental Mark VII
7,Voyager
8,Armada
9,Celica
10,Esprit
11,2e
12,Escalade
13,6000
14,Sebring
15,MDX
16,Silverado
17,Excursion
18,QX
19,Sebring
20,V50
21,Stealth
22,Suburban 2500
23,Montana SV6
24,4Runner
25,Cabriolet
26,GTI
27,Azure
28,Cooper
29,5000S
30,Ram Van 2500
31,Silhouette
32,Odyssey
33,Avenger
34,F-Series
35,Montego
36,Continental GT
37,Routan
38,Trooper
39,Q5
40,Discovery Series II
41,Cabriolet
42,Taurus
43,E-Series
44,Expedition
45,Range Rover
46,VS Commodore
47,Continental
48,E150
49,Odyssey
50,Bravada
51,Discovery Series II
52,Thunderbird
53,S40
54,Eclipse
55,Spyder
56,Stratus
57,Mountaineer
58,Mariner
59,3500
60,NSX
61,Aviator
62,IS F
63,Prius
64,TT
65,Grand Am
66,C70
67,370Z
68,Tempo
69,SLK-Class
70,S-Type
71,C30
72,Camry Solara
73,DTS
74,MR2
75,Yukon XL 2500
76,GTI
77,G8
78,Landaulet
79,Spyder
80,Econoline E250
81,CX-7
82,Dakota
83,Sephia
84,Outlander
85,Tacoma
86,H3T
87,Fairlane
88,Cougar
89,Mighty Max
90,RL
91,Mazda3
92,Metro
93,Accord
94,Countach
95,QX
96,B-Series
97,Optima
98,Jetta
99,Optima
100,RX-7
101,Pathfinder
102,Dakota
103,Villager
104,GTI
105,Expo
106,IS
107,Prizm
108,Jimmy
109,ZX2
110,Galant
111,XG350
112,S6
113,Continental
114,Trooper
115,SLK-Class
116,Brat
117,Cordia
118,S-Class
119,xD
120,Sierra
121,Daewoo Magnus
122,Sprinter 2500
123,Santa Fe
124,Fusion
125,Diamante
126,Marquis
127,Skylark
128,SLK55 AMG
129,Avalanche
130,Rodeo
131,A4
132,5 Series
133,Aveo
134,F250
135,Spectra
136,Sienna
137,Sierra 2500
138,Grand Am
139,rio
140,Catera
141,9-4X
142,Suburban 1500
143,Wrangler
144,Achieva
145,X-Type
146,9-7X
147,Azure
148,TL
149,Century
150,Turbo Firefly
151,Quest
152,V8
153,A4
154,ES
155,Firebird
156,G-Series 3500
157,Explorer
158,Vandura 2500
159,Cutlass
160,Sephia
161,Frontier
162,Sentra
163,Galant
164,Wrangler
165,Mustang
166,i-Series
167,RX-8
168,Lucerne
169,SVX
170,Quattro
171,Ram 1500
172,Intrepid
173,Prius v
174,Corvette
175,Sportage
176,V8 Vantage
177,G-Class
178,ZX2
179,Talon
180,QX
181,Continental Super
182,C30
183,911
184,Accord
185,NSX
186,Z3
187,4Runner
188,LR4
189,Swift
190,riolet
191,Grand Prix
192,G-Series G10
193,Express 2500
194,New Yorker
195,Chariot
196,Town & Country
197,3000GT
198,Continental Mark VII
199,Lanos
200,Amigo
201,Prius
202,Grand Prix
203,Silhouette
204,GTI
205,GTO
206,Safari
207,Camaro
208,911
209,Galant
210,Montero
211,Prius v
212,F-Series
213,Fortwo
214,Durango
215,Charger
216,Protege
217,S-Class
218,Suburban 1500
219,325
220,Laser
221,Grand Cherokee
222,330
223,Caliber
224,LeMans
225,Rainier
226,200
227,911
228,G
229,Grand Vitara
230,Azera
231,S2000
232,Park Avenue
233,300ZX
234,Aerio
235,G37
236,Allroad
237,Pathfinder
238,Aurora
239,C30
240,Allante
241,MKZ
242,Avenger
243,Tiguan
244,164
245,Sable
246,62
247,ES
248,Century
249,SRX
250,Scirocco
251,Thunderbird
252,57
253,LS
254,Passat
255,Q
256,M5
257,LR3
258,S4
259,Voyager
260,Veracruz
261,Vandura G3500
262,Grand Marquis
263,Integra
264,Camaro
265,Avalon
266,G-Series G30
267,Pajero
268,Rally Wagon G3500
269,Continental
270,Frontier
271,Prizm
272,B-Series Plus
273,Uplander
274,Tacoma
275,SSR
276,911
277,Maxima
278,CL-Class
279,Amigo
280,Gallardo
281,200
282,Miata MX-5
283,Firebird
284,RL
285,Tundra
286,I
287,Ciera
288,B-Series
289,Escalade ESV
290,Pajero
291,MDX
292,Town & Country
293,Accord
294,E350
295,F250
296,Gallardo
297,500SL
298,Econoline E350
299,Sephia
300,Expedition
301,Seville
302,Breeze
303,Charger
304,Explorer Sport Trac
305,Brat
306,Yukon XL 1500
307,Econoline E250
308,M3
309,Hombre Space
310,Wrangler
311,Accord
312,62
313,X-90
314,S2000
315,S-Series
316,Durango
317,2500
318,Grand Am
319,Suburban 1500
320,Corvette
321,C70
322,Baja
323,Sienna
324,S80
325,LeMans
326,929
327,Continental
328,Frontier
329,VUE
330,Venture
331,Celica
332,612 Scaglietti
333,F-Series
334,Passat
335,Intrigue
336,Tribute
337,S40
338,C30
339,Q
340,Thunderbird
341,SRX
342,Savana 2500
343,SC
344,Contour
345,S40
346,Aero 8
347,Focus
348,Durango
349,Arnage
350,V70
351,3500
352,GTO
353,9-5
354,Crossfire
355,Raider
356,H2
357,323
358,XJ Series
359,Rodeo
360,Aspen
361,Sebring
362,XJ
363,Zephyr
364,Esprit
365,Express
366,3500
367,G
368,Maxima
369,RX-8
370,Fortwo
371,Mustang
372,I
373,Topaz
374,NV1500
375,Celica
376,A4
377,Imperial
378,RX Hybrid
379,500SL
380,Camaro
381,Cooper
382,XJ Series
383,GS
384,Axiom
385,62
386,Excel
387,Murci√©lago
388,Cayenne
389,xB
390,Explorer Sport
391,Milan
392,Altima
393,300ZX
394,Expedition
395,S5
396,GS
397,xD
398,Grand Prix
399,Roadster
400,Ram 1500
401,I
402,Voyager
403,Avalanche 1500
404,MPV
405,900
406,Silverado 2500
407,Malibu
408,Lanos
409,Boxster
410,Xtra
411,Countach
412,RX-7
413,Volare
414,Sunfire
415,MX-6
416,Skyhawk
417,968
418,Suburban 1500
419,Town Car
420,Vandura 2500
421,GTI
422,Safari
423,Monterey
424,Suburban
425,V8 Vantage
426,Tacoma
427,Venture
428,Galant
429,Civic
430,Camaro
431,Touareg 2
432,Mazda3
433,Yukon
434,Crossfire
435,LeSabre
436,Eldorado
437,XC90
438,E-Series
439,Savana
440,Virage
441,Integra
442,CTS-V
443,F-Series Super Duty
444,Millenia
445,Ram 2500
446,R32
447,Esprit
448,Thunderbird
449,Galant
450,Camry
451,100
452,Sebring
453,H3
454,760
455,XJ Series
456,Tucson
457,Camaro
458,Tiguan
459,Talon
460,400SEL
461,Land Cruiser
462,Silhouette
463,F350
464,Sonata
465,PT Cruiser
466,Stylus
467,Silverado 3500
468,Spectra
469,323
470,Vandura 3500
471,STS
472,Savana 2500
473,MINI
474,Endeavor
475,Firebird
476,F250
477,Chariot
478,Golf III
479,STS
480,Tracker
481,Continental
482,SLK-Class
483,Avalon
484,3 Series
485,Continental Super
486,Mighty Max
487,PT Cruiser
488,9-2X
489,Alpina B7
490,Focus
491,Town & Country
492,SLK-Class
493,Viper RT/10
494,IS-F
495,APV
496,XK
497,MX-6
498,Elantra
499,Riviera
500,Century
501,Altima
502,Rally Wagon 1500
503,Starion
504,Sienna
505,Challenger
506,Grand Prix
507,Highlander
508,Cooper
509,Hombre Space
510,Sonoma
511,Town Car
512,Q
513,Prizm
514,Prelude
515,Corvette
516,Crown Victoria
517,Roadmaster
518,Discovery
519,Range Rover
520,V40
521,Bonneville
522,Taurus
523,Mustang
524,Forester
525,XJ Series
526,QX
527,Escalade ESV
528,Sunfire
529,xB
530,Galant
531,RAV4
532,929
533,6000
534,1500 Club Coupe
535,MX-5
536,S40
537,911
538,Dakota
539,Avalanche 1500
540,Intrepid
541,Protege
542,Tahoe
543,G5
544,MDX
545,1 Series
546,Marquis
547,Tiburon
548,Econoline E150
549,Ridgeline
550,MDX
551,Stratus
552,Storm
553,Grand Marquis
554,Protege
555,Elantra
556,Patriot
557,Savana 1500
558,A8
559,Durango
560,LeSabre
561,Swift
562,IS
563,Traverse
564,Firebird
565,Focus ST
566,Econoline E250
567,62
568,Eclipse
569,Maxima
570,80
571,Seville
572,Caprice
573,Sentra
574,Mirage
575,EXP
576,Corvette
577,Electra
578,B-Series
579,9-5
580,Corolla
581,Cirrus
582,Corvette
583,Daewoo Lacetti
584,Savana 1500
585,FJ Cruiser
586,7 Series
587,Silhouette
588,NSX
589,914
590,Accent
591,G
592,Pacifica
593,SL-Class
594,Firebird
595,Coupe GT
596,W123
597,1500 Club Coupe
598,Villager
599,APV
600,Firebird
601,Corvette
602,Daewoo Lacetti
603,DB9 Volante
604,Cooper
605,XJ Series
606,Discovery
607,Ramcharger
608,Firefly
609,9000
610,DBS
611,Grand Marquis
612,Rally Wagon 2500
613,Transit Connect
614,G37
615,XC90
616,H1
617,Lucerne
618,LX
619,Fox
620,Passat
621,S-Class
622,Escalade ESV
623,Xterra
624,Truck
625,Corrado
626,Relay
627,Type 2
628,Sedona
629,Durango
630,Camaro
631,Marquis
632,Montero
633,Truck
634,Golf
635,TrailBlazer
636,Integra
637,Esprit
638,Vision
639,XLR
640,Tacoma
641,Grand Marquis
642,924
643,SLK-Class
644,5 Series
645,LTD Crown Victoria
646,Civic
647,600SEC
648,Grand Cherokee
649,E150
650,Grand Marquis
651,E-Class
652,Cavalier
653,RL
654,Evora
655,GTO
656,Galant
657,Crossfire
658,Tercel
659,STS
660,Ion
661,Aero 8
662,Highlander
663,240SX
664,Grand Vitara
665,1500
666,5 Series
667,6 Series
668,Express 2500
669,GLK-Class
670,Silverado 3500
671,Grand Marquis
672,Safari
673,RS 4
674,Voyager
675,Express 3500
676,Escalade ESV
677,Blackwood
678,Thunderbird
679,Carrera GT
680,LX
681,Titan
682,Rally Wagon 3500
683,Concorde
684,Crossfire
685,Camry
686,Santa Fe
687,Vandura 1500
688,Town Car
689,LX
690,Silverado 1500
691,Bronco
692,S-Class
693,LS
694,Accord
695,F350
696,Fairlane
697,Blazer
698,SLS-Class
699,Corvette
700,R8
701,Highlander
702,Volare
703,Avenger
704,Lucerne
705,Liberty
706,RL
707,Highlander
708,S6
709,Golf
710,Vandura 1500
711,GT-R
712,Escort
713,Safari
714,Precis
715,Rondo
716,SC
717,Grand Prix
718,Discovery
719,S6
720,Bravada
721,Citation
722,Fit
723,Forester
724,Dakota
725,Bravada
726,Suburban 1500
727,Santa Fe
728,Monterey
729,Cabriolet
730,4Runner
731,Ram 2500
732,Commander
733,Sonata
734,IS-F
735,CR-V
736,G-Series G30
737,Vitara
738,3 Series
739,Montero
740,645
741,Tahoe
742,Sequoia
743,Chariot
744,Protege5
745,Regal
746,Amanti
747,CR-Z
748,Five Hundred
749,Coupe
750,Accord
751,G6
752,Arnage
753,Prowler
754,Mirage
755,rio
756,3 Series
757,Express 3500
758,200
759,Trooper
760,Wrangler
761,Edge
762,Passat
763,626
764,B-Series Plus
765,760
766,Miata MX-5
767,Vantage
768,Continental
769,Amigo
770,F150
771,tC
772,4Runner
773,745
774,Ram 3500
775,Insight
776,MKS
777,Silverado 1500
778,Grand Vitara
779,M5
780,LX
781,Rondo
782,GTI
783,Lumina
784,Crown Victoria
785,RX-8
786,900
787,ZDX
788,Dakota Club
789,Marquis
790,Express 1500
791,GL-Class
792,Mustang
793,Land Cruiser
794,Arnage
795,Grand Prix
796,Alcyone SVX
797,Intrepid
798,Capri
799,Jimmy
800,X5
801,SC
802,HHR
803,Estate
804,R8
805,740
806,8 Series
807,Ghost
808,C-Class
809,6000
810,Sonoma
811,Cobalt SS
812,Mustang
813,3 Series
814,RL
815,Prius
816,3500
817,RSX
818,HHR
819,Bonneville
820,6 Series
821,Altima
822,CTS-V
823,S80
824,M5
825,Grand Marquis
826,CR-V
827,RX
828,Rio
829,Continental Flying Spur
830,CLS-Class
831,NSX
832,Eldorado
833,H1
834,Continental
835,Tacoma
836,Marquis
837,Taurus
838,Ram 1500 Club
839,6000
840,Thunderbird
841,Ram Van 3500
842,Outback Sport
843,Rabbit
844,Quest
845,Mustang
846,F-Series
847,Regal
848,S80
849,9000
850,Breeze
851,7 Series
852,Grand Vitara
853,400E
854,Forester
855,CTS
856,Golf
857,SLS-Class
858,MR2
859,A3
860,Esprit
861,Silverado 1500
862,xB
863,57
864,7 Series
865,LR3
866,Eurovan
867,S6
868,Vibe
869,Villager
870,Continental
871,458 Italia
872,Taurus
873,Terraza
874,Mirage
875,TL
876,Sebring
877,Escalade ESV
878,Corvette
879,Intrigue
880,M
881,C8 Laviolette
882,Grand Am
883,Compass
884,900
885,Jetta
886,Quattroporte
887,Savana 3500
888,B-Series
889,MR2
890,Grand Prix
891,Mulsanne
892,Savana 2500
893,Viper
894,Echo
895,Ram 2500
896,6000
897,CR-X
898,Acclaim
899,Grand Prix
900,Laser
901,LeMans
902,Passat
903,Escort
904,Savana
905,Tucson
906,S40
907,Touareg 2
908,Mini Cooper S
909,T100 Xtra
910,Fleetwood
911,5 Series
912,Murano
913,Integra
914,riolet
915,ZDX
916,Caravan
917,Contour
918,Verona
919,Rio
920,Mighty Max
921,Lucerne
922,Continental
923,Versa
924,Hombre
925,Ram Wagon B150
926,Versa
927,Torrent
928,330
929,Galant
930,SJ
931,M3
932,Mazda6
933,Riviera
934,Exige
935,SSR
936,Silverado 3500
937,400SE
938,Camaro
939,Corolla
940,Legacy
941,Safari
942,Impala
943,Diamante
944,Lumina
945,Express
946,Quest
947,Endeavor
948,Sentra
949,Rodeo
950,Ram Van 1500
951,S-Series
952,Discovery
953,Silverado 2500
954,88
955,E350
956,Altima
957,4Runner
958,M6
959,G55 AMG
960,Ram 3500 Club
961,Escalade
962,Silverado 2500
963,X6
964,H3
965,Camaro
966,Elise
967,i-290
968,S10
969,Tercel
970,Sedona
971,GranTurismo
972,Jetta
973,Camry
974,Sierra 2500
975,Phantom
976,4Runner
977,Astro
978,Outlander
979,Solstice
980,Econoline E350
981,Montero
982,Yukon XL 1500
983,LeMans
984,Z8
985,Coachbuilder
986,Echo
987,Astro
988,GTI
989,Z4
990,Diamante
991,7 Series
992,Bronco II
993,Dakota Club
994,Mazdaspeed 3
995,Town & Country
996,Grand Cherokee
997,Bronco
998,Probe
999,IS
1000,Genesis Coupe
